City_ID,City,Lat,Lng,Max Temp,Humidity,Cloudiness,Wind Speed,Country,Date
0,esperance,-33.8667,121.9,75.2,33,46,12.66,AU,2021-03-15 06:07:58
1,weyburn,49.6668,-103.8511,33.8,37,95,18.41,CA,2021-03-15 06:15:08
2,cape town,-33.9258,18.4232,62.01,94,90,17.27,ZA,2021-03-15 06:05:21
3,rio gallegos,-51.6226,-69.2181,48.2,87,0,5.75,AR,2021-03-15 06:09:12
4,cherskiy,68.75,161.3,-14.01,94,63,5.08,RU,2021-03-15 06:08:07
5,leh,34.1667,77.5833,29.86,47,21,3.91,IN,2021-03-15 06:15:39
6,souillac,-20.5167,57.5167,77.0,94,75,5.75,MU,2021-03-15 06:07:35
7,bubaque,11.2833,-15.8333,78.19,60,0,7.67,GW,2021-03-15 06:08:37
8,narsaq,60.9167,-46.05,39.2,45,75,52.93,GL,2021-03-15 06:10:04
9,corowa,-36.0333,146.3833,75.99,29,31,3.0,AU,2021-03-15 06:15:40
10,bredasdorp,-34.5322,20.0403,62.6,94,100,14.97,ZA,2021-03-15 06:07:40
11,southbridge,42.0751,-72.0334,21.99,35,57,14.52,US,2021-03-15 06:15:41
12,punta arenas,-53.15,-70.9167,48.2,93,90,2.3,CL,2021-03-15 06:08:03
13,mataura,-46.1927,168.8643,57.0,68,80,15.01,NZ,2021-03-15 06:07:30
14,kavieng,-2.5744,150.7967,81.66,81,94,10.38,PG,2021-03-15 06:07:37
15,ushuaia,-54.8,-68.3,50.0,71,75,1.14,AR,2021-03-15 06:07:39
16,isangel,-19.55,169.2667,79.12,78,82,6.04,VU,2021-03-15 06:08:36
17,avarua,-21.2078,-159.775,80.6,83,20,2.3,CK,2021-03-15 06:08:15
18,kahului,20.8947,-156.47,73.4,100,40,3.44,US,2021-03-15 06:13:28
19,kupang,-10.1667,123.5833,86.0,79,40,9.22,ID,2021-03-15 06:15:42
20,busselton,-33.65,115.3333,82.0,33,37,5.01,AU,2021-03-15 06:07:28
21,hobart,-42.8794,147.3294,71.01,34,0,19.57,AU,2021-03-15 06:07:21
22,charters towers,-20.1,146.2667,88.66,42,23,10.92,AU,2021-03-15 06:15:43
23,nikolskoye,59.7035,30.7861,32.0,93,75,4.47,RU,2021-03-15 06:07:54
24,novoagansk,61.9449,76.6625,22.17,92,100,11.12,RU,2021-03-15 06:15:44
25,bambous virieux,-20.3428,57.7575,77.0,94,75,5.75,MU,2021-03-15 06:07:58
26,barrow,71.2906,-156.7887,-7.6,71,90,14.97,US,2021-03-15 06:08:04
27,constitucion,-35.3333,-72.4167,55.4,88,93,1.54,CL,2021-03-15 06:07:23
28,vaini,-21.2,-175.2,77.0,94,75,2.3,TO,2021-03-15 06:07:29
29,asau,46.4333,26.4,42.01,61,100,3.69,RO,2021-03-15 06:10:11
30,mount barker,-35.0667,138.8667,66.99,76,100,6.17,AU,2021-03-15 06:15:45
31,gornopravdinsk,60.05,69.9,16.45,93,97,9.04,RU,2021-03-15 06:15:46
32,poddorye,57.4695,31.1156,34.34,96,100,11.16,RU,2021-03-15 06:15:47
33,new norfolk,-42.7826,147.0587,71.01,38,15,1.01,AU,2021-03-15 06:07:43
34,brownsville,25.9018,-97.4975,66.2,82,90,5.75,US,2021-03-15 06:15:47
35,rikitea,-23.1203,-134.9692,80.15,77,72,7.36,PF,2021-03-15 06:07:46
36,nouadhibou,20.931,-17.0347,64.09,68,0,17.63,MR,2021-03-15 06:11:11
37,margate,51.3813,1.3862,44.01,85,71,3.0,GB,2021-03-15 06:12:01
38,obihiro,42.9172,143.2044,50.0,57,20,4.61,JP,2021-03-15 06:15:48
39,chapais,49.7834,-74.8492,-11.2,70,1,9.22,CA,2021-03-15 06:08:47
40,te anau,-45.4167,167.7167,57.85,77,46,7.09,NZ,2021-03-15 06:15:41
41,qaanaaq,77.484,-69.3632,-8.5,63,99,6.64,GL,2021-03-15 06:07:36
42,grindavik,63.8424,-22.4338,39.2,93,90,16.11,IS,2021-03-15 06:13:47
43,azua,18.4532,-70.7349,45.0,65,2,4.23,DO,2021-03-15 06:15:49
44,laguna,38.421,-121.4238,48.0,93,90,11.5,US,2021-03-15 06:09:56
45,kruisfontein,-34.0033,24.7314,68.92,85,100,16.98,ZA,2021-03-15 06:13:40
46,puerto colombia,10.9878,-74.9547,77.0,88,0,17.27,CO,2021-03-15 06:14:35
47,yurgamysh,55.3714,64.4656,19.0,70,13,13.13,RU,2021-03-15 06:15:51
48,caravelas,-17.7125,-39.2481,72.64,87,1,2.84,BR,2021-03-15 06:14:58
49,garissa,-0.4536,39.6401,79.83,64,36,6.35,KE,2021-03-15 06:15:51
50,mandurah,-32.55,115.7,82.99,30,60,5.84,AU,2021-03-15 06:15:52
51,rawson,-43.3002,-65.1023,61.88,81,83,21.23,AR,2021-03-15 06:09:24
52,bengkulu,-3.8004,102.2655,85.71,65,18,6.22,ID,2021-03-15 06:08:34
53,helong,42.5397,128.9972,50.34,65,98,7.29,CN,2021-03-15 06:15:52
54,kaniama,-7.5667,24.1833,67.96,87,65,3.76,CD,2021-03-15 06:15:53
55,georgetown,5.4112,100.3354,91.4,58,20,5.75,MY,2021-03-15 06:07:59
56,castro,-24.7911,-50.0119,61.38,94,30,2.64,BR,2021-03-15 06:08:57
57,ushibuka,32.1906,130.0228,57.61,56,96,5.57,JP,2021-03-15 06:15:54
58,saint-augustin,51.226,-58.6502,-1.57,83,98,14.47,CA,2021-03-15 06:13:18
59,jiangyou,31.7667,104.7167,76.05,48,0,3.29,CN,2021-03-15 06:15:55
60,hilo,19.7297,-155.09,71.6,83,90,4.61,US,2021-03-15 06:05:23
61,mehamn,71.0357,27.8492,30.2,86,90,19.57,NO,2021-03-15 06:09:35
62,normandin,48.8333,-72.5321,-2.2,59,100,17.27,CA,2021-03-15 06:15:56
63,broome,42.2506,-75.833,21.0,53,20,17.27,US,2021-03-15 06:09:50
64,tasiilaq,65.6145,-37.6368,26.6,59,75,39.12,GL,2021-03-15 06:13:10
65,thompson,55.7435,-97.8558,26.6,46,75,6.91,CA,2021-03-15 06:07:50
66,batabano,22.7164,-82.2881,66.2,94,1,4.61,CU,2021-03-15 06:15:57
67,robore,-18.3333,-59.75,71.62,93,100,1.97,BO,2021-03-15 06:15:58
68,poum,-20.2333,164.0167,80.28,69,27,5.5,NC,2021-03-15 06:13:19
69,mackenzie,55.2999,-123.1698,17.6,93,1,4.61,CA,2021-03-15 06:15:01
70,tamandare,-8.7597,-35.1047,76.32,77,100,4.43,BR,2021-03-15 06:15:58
71,ambilobe,-13.2,49.05,83.93,77,24,1.99,MG,2021-03-15 06:09:48
72,yellowknife,62.456,-114.3525,5.0,78,90,8.05,CA,2021-03-15 06:08:01
73,mount isa,-20.7333,139.5,86.0,48,40,11.5,AU,2021-03-15 06:10:35
74,chokurdakh,70.6333,147.9167,-14.33,92,0,5.99,RU,2021-03-15 06:07:59
75,tual,-5.6667,132.75,83.77,68,94,5.75,ID,2021-03-15 06:16:00
76,albany,42.6001,-73.9662,21.0,29,19,4.0,US,2021-03-15 06:07:27
77,piney green,34.716,-77.3202,60.8,27,1,11.5,US,2021-03-15 06:16:00
78,wenzhou,27.9994,120.6668,78.01,21,1,8.37,CN,2021-03-15 06:16:01
79,norman wells,65.282,-126.8329,-9.4,77,75,8.05,CA,2021-03-15 06:15:37
80,cidreira,-30.1811,-50.2056,72.01,86,36,5.66,BR,2021-03-15 06:08:24
81,puerto escondido,15.85,-97.0667,80.6,74,20,5.5,MX,2021-03-15 06:16:01
82,braco do norte,-28.275,-49.1656,67.39,98,61,1.95,BR,2021-03-15 06:16:02
83,porto novo,6.4965,2.6036,78.8,89,20,4.61,BJ,2021-03-15 06:10:10
84,sisimiut,66.9395,-53.6735,5.13,87,76,10.4,GL,2021-03-15 06:16:03
85,puerto ayora,-0.7393,-90.3518,75.0,96,57,1.01,EC,2021-03-15 06:07:44
86,bethel,41.3712,-73.414,23.0,46,2,14.9,US,2021-03-15 06:07:36
87,monrovia,6.3005,-10.7969,75.2,88,75,3.44,LR,2021-03-15 06:14:50
88,cap malheureux,-19.9842,57.6142,77.0,91,92,3.0,MU,2021-03-15 06:15:51
89,avera,33.194,-82.5271,66.2,77,1,6.91,US,2021-03-15 06:07:22
90,nanortalik,60.1432,-45.2371,29.8,83,100,3.71,GL,2021-03-15 06:09:12
91,mar del plata,-38.0023,-57.5575,66.99,88,0,4.61,AR,2021-03-15 06:08:35
92,saskylakh,71.9167,114.0833,-15.75,91,97,6.6,RU,2021-03-15 06:08:49
93,sitka,57.0531,-135.33,30.2,55,90,11.5,US,2021-03-15 06:08:10
94,hermanus,-34.4187,19.2345,62.01,96,94,3.0,ZA,2021-03-15 06:07:38
95,arraial do cabo,-22.9661,-42.0278,75.94,87,100,13.56,BR,2021-03-15 06:14:10
96,severo-kurilsk,50.6789,156.125,36.14,87,29,10.71,RU,2021-03-15 06:08:21
97,airai,-8.9266,125.4092,69.98,85,100,0.87,TL,2021-03-15 06:08:04
98,kaitangata,-46.2817,169.8464,60.01,68,78,10.0,NZ,2021-03-15 06:08:28
99,kapaa,22.0752,-159.319,69.8,88,90,12.66,US,2021-03-15 06:08:06
100,fujin,47.26,132.0322,44.22,61,86,18.61,CN,2021-03-15 06:16:07
101,butaritari,3.0707,172.7902,81.21,78,68,16.11,KI,2021-03-15 06:08:05
102,oshnaviyeh,37.0397,45.0983,41.0,65,90,2.3,IR,2021-03-15 06:16:08
103,mathbaria,22.2876,89.9593,94.5,20,0,4.18,BD,2021-03-15 06:16:09
104,tczew,54.0924,18.7779,34.0,100,82,8.5,PL,2021-03-15 06:16:09
105,pravia,43.4906,-6.1508,43.0,93,0,4.61,ES,2021-03-15 06:16:09
106,wajir,1.7471,40.0573,78.39,64,35,9.89,KE,2021-03-15 06:10:48
107,vila,42.0304,-8.1588,39.0,92,26,3.85,PT,2021-03-15 06:16:10
108,port hardy,50.6996,-127.4199,37.4,86,40,9.22,CA,2021-03-15 06:08:52
109,khatanga,71.9667,102.5,-19.19,90,100,11.97,RU,2021-03-15 06:13:16
110,port alfred,-33.5906,26.891,69.01,96,99,1.9,ZA,2021-03-15 06:08:20
111,vestmannaeyjar,63.4427,-20.2734,42.04,84,100,23.38,IS,2021-03-15 06:10:32
112,akyab,20.15,92.9,86.47,32,0,11.79,MM,2021-03-15 06:13:57
113,tiksi,71.6872,128.8694,-2.33,96,99,4.79,RU,2021-03-15 06:08:30
114,ancud,-41.8697,-73.8203,53.01,93,90,3.44,CL,2021-03-15 06:07:42
115,ilulissat,69.2167,-51.1,10.4,61,100,6.91,GL,2021-03-15 06:15:30
116,clyde river,70.4692,-68.5914,-5.8,84,1,26.46,CA,2021-03-15 06:07:53
117,san patricio,28.017,-97.5169,57.99,88,75,4.21,US,2021-03-15 06:14:06
118,livingston,55.9029,-3.5226,39.0,93,0,6.91,GB,2021-03-15 06:16:12
119,victoria,22.2855,114.1577,78.8,57,20,8.05,HK,2021-03-15 06:15:32
120,richards bay,-28.783,32.0377,76.71,75,15,9.42,ZA,2021-03-15 06:09:23
121,kodiak,57.79,-152.4072,28.4,69,40,4.61,US,2021-03-15 06:03:51
122,rocha,-34.4833,-54.3333,58.82,90,0,3.18,UY,2021-03-15 06:09:54
123,yuzhno-kurilsk,44.0306,145.8556,33.76,95,99,21.83,RU,2021-03-15 06:16:14
124,dauphin,51.1494,-100.0502,30.2,55,1,4.61,CA,2021-03-15 06:16:14
125,santa maria,-29.6842,-53.8069,65.98,95,16,7.54,BR,2021-03-15 06:16:04
126,lebu,-37.6167,-73.65,54.12,92,0,1.74,CL,2021-03-15 06:07:26
127,jamestown,42.097,-79.2353,21.0,63,1,11.05,US,2021-03-15 06:07:41
128,swift current,50.2834,-107.8014,39.2,52,20,29.93,CA,2021-03-15 06:15:03
129,saint-philippe,-21.3585,55.7679,84.2,70,0,5.75,RE,2021-03-15 06:08:18
130,rudbar,30.15,62.6,65.16,16,1,4.76,AF,2021-03-15 06:16:16
131,saint-pierre,-21.3393,55.4781,84.2,70,0,5.75,RE,2021-03-15 06:08:25
132,saint george,37.1041,-113.5841,50.0,61,1,9.22,US,2021-03-15 06:11:02
133,iznoski,54.9881,35.3108,34.99,98,100,8.84,RU,2021-03-15 06:16:18
134,torbay,47.6666,-52.7314,24.01,93,90,11.5,CA,2021-03-15 06:15:07
135,ust-tsilma,65.441,52.1498,28.58,93,100,8.19,RU,2021-03-15 06:16:18
136,road town,18.4167,-64.6167,75.99,89,79,4.0,VG,2021-03-15 06:11:11
137,basco,20.4487,121.9702,76.33,81,65,21.83,PH,2021-03-15 06:16:19
138,nishihara,26.1842,127.7558,77.0,46,20,10.36,JP,2021-03-15 06:07:49
139,katsuura,35.1333,140.3,64.99,36,20,13.8,JP,2021-03-15 06:09:25
140,henties bay,-22.116,14.2845,60.01,96,14,3.0,NA,2021-03-15 06:13:52
141,ocnita,44.9833,25.55,42.01,89,99,4.07,RO,2021-03-15 06:16:20
142,beringovskiy,63.05,179.3167,5.2,87,100,11.32,RU,2021-03-15 06:09:09
143,upernavik,72.7868,-56.1549,-8.72,99,98,5.66,GL,2021-03-15 06:07:32
144,mahebourg,-20.4081,57.7,77.0,94,75,5.75,MU,2021-03-15 06:07:21
145,ronde,56.3014,10.4751,39.2,100,90,4.61,DK,2021-03-15 06:16:21
146,luganville,-15.5333,167.1667,80.47,83,84,4.81,VU,2021-03-15 06:14:28
147,ponta do sol,32.6667,-17.1,54.0,69,95,1.99,PT,2021-03-15 06:07:30
148,christchurch,-43.5333,172.6333,73.0,49,100,10.36,NZ,2021-03-15 06:04:33
149,aasiaat,68.7098,-52.8699,3.42,94,100,6.29,GL,2021-03-15 06:15:19
150,taywarah,33.35,64.4167,41.79,24,83,4.52,AF,2021-03-15 06:16:23
151,lompoc,34.6391,-120.4579,51.8,71,90,3.15,US,2021-03-15 06:10:01
152,port elizabeth,-33.918,25.5701,68.0,100,40,8.05,ZA,2021-03-15 06:09:23
153,nicoya,10.1483,-85.452,77.0,57,0,11.5,CR,2021-03-15 06:16:24
154,nata,8.3333,-80.5167,73.99,50,0,4.0,PA,2021-03-15 06:16:24
155,oriximina,-1.7656,-55.8661,74.14,92,76,2.86,BR,2021-03-15 06:15:53
156,karaton,-6.3424,106.1045,95.0,74,40,5.75,ID,2021-03-15 06:16:25
157,saravan,39.7196,45.6483,39.2,75,90,4.61,AM,2021-03-15 06:16:26
158,chake chake,-5.2459,39.7666,87.33,51,17,1.25,TZ,2021-03-15 06:16:26
159,coracora,-15.0333,-73.7833,46.35,88,100,6.6,PE,2021-03-15 06:16:26
160,aklavik,68.2191,-135.0107,-11.2,77,95,5.75,CA,2021-03-15 06:08:01
161,cruzeiro do sul,-29.5128,-51.9853,64.99,93,31,2.08,BR,2021-03-15 06:16:27
162,ilebo,-4.3167,20.5833,73.63,97,100,1.16,CD,2021-03-15 06:07:35
163,betsiamites,48.9413,-68.646,8.6,56,90,10.36,CA,2021-03-15 06:16:28
164,abalak,58.1286,68.5944,17.06,92,90,9.35,RU,2021-03-15 06:12:11
165,lorengau,-2.0226,147.2712,84.49,65,97,4.38,PG,2021-03-15 06:14:23
166,fortuna,40.5982,-124.1573,39.99,96,100,15.66,US,2021-03-15 06:08:36
167,krasnyy oktyabr,56.1167,38.8833,34.68,98,100,11.3,RU,2021-03-15 06:16:29
168,kaeo,-35.1,173.7833,69.01,84,57,4.0,NZ,2021-03-15 06:11:10
169,mollendo,-17.0231,-72.0147,70.57,87,68,7.56,PE,2021-03-15 06:10:55
170,bluff,-46.6,168.3333,57.0,68,41,15.01,NZ,2021-03-15 06:07:52
171,longyearbyen,78.2186,15.6401,-2.2,65,75,11.5,SJ,2021-03-15 06:08:04
172,bao,13.6414,122.8314,82.2,74,79,6.24,PH,2021-03-15 06:16:30
173,togur,58.3631,82.8265,14.47,91,100,8.34,RU,2021-03-15 06:16:31
174,arlit,18.7369,7.3853,71.19,18,0,7.65,NE,2021-03-15 06:07:37
175,kununurra,-15.7667,128.7333,86.0,74,40,6.91,AU,2021-03-15 06:16:31
176,ust-kuyga,70.0167,135.6,1.67,88,100,5.28,RU,2021-03-15 06:16:32
177,biskamzha,53.4497,89.5272,20.91,93,100,5.01,RU,2021-03-15 06:16:32
178,dikson,73.5069,80.5464,-23.15,96,100,11.99,RU,2021-03-15 06:07:27
179,paso de carrasco,-34.8603,-56.0522,64.99,77,0,4.61,UY,2021-03-15 06:13:16
180,sept-iles,50.2001,-66.3821,3.2,47,90,17.27,CA,2021-03-15 06:05:05
181,jalu,29.0331,21.5482,57.97,53,0,9.51,LY,2021-03-15 06:09:34
182,coswig,51.1333,13.5833,39.0,75,40,8.05,DE,2021-03-15 06:16:34
183,leningradskiy,69.3833,178.4167,-1.17,96,100,7.76,RU,2021-03-15 06:14:20
184,genhe,50.7833,121.5167,15.17,85,100,17.38,CN,2021-03-15 06:07:40
185,nizwa,22.9333,57.5333,82.74,28,0,7.78,OM,2021-03-15 06:15:43
186,oistins,13.0667,-59.5333,78.8,73,20,11.5,BB,2021-03-15 06:16:35
187,klaksvik,62.2266,-6.589,35.6,87,20,3.44,FO,2021-03-15 06:14:20
188,ulladulla,-35.35,150.4667,69.8,35,0,9.22,AU,2021-03-15 06:16:36
189,coihaique,-45.5752,-72.0662,50.09,96,42,5.01,CL,2021-03-15 06:16:36
190,tornio,65.8481,24.1466,24.8,100,20,4.61,FI,2021-03-15 06:16:37
191,ribeira grande,38.5167,-28.7,60.28,92,56,4.88,PT,2021-03-15 06:07:32
192,saint-jean-port-joli,47.2171,-70.2658,6.8,51,100,14.97,CA,2021-03-15 06:16:37
193,moindou,-21.6924,165.677,82.4,65,20,17.27,NC,2021-03-15 06:16:38
194,berlevag,70.8578,29.0864,30.2,86,75,26.46,NO,2021-03-15 06:16:38
195,husavik,66.0449,-17.3389,15.8,92,0,5.88,IS,2021-03-15 06:14:25
196,mezhdurechensk,53.6942,88.0603,18.59,88,100,4.88,RU,2021-03-15 06:16:39
197,huarmey,-10.0681,-78.1522,73.02,71,99,5.3,PE,2021-03-15 06:13:54
198,owando,-0.4819,15.8999,73.17,89,100,3.98,CG,2021-03-15 06:16:40
199,terre-de-bas,15.8501,-61.6442,69.8,94,75,1.14,GP,2021-03-15 06:16:40
200,tondano,1.3038,124.9112,89.6,62,40,12.66,ID,2021-03-15 06:16:40
201,santa fe,-31.6333,-60.7,73.99,63,59,1.99,AR,2021-03-15 06:16:41
202,piacabucu,-10.4056,-36.4344,75.87,77,100,3.42,BR,2021-03-15 06:16:41
203,dudinka,69.4058,86.1778,-22.92,85,2,3.15,RU,2021-03-15 06:14:09
204,cocula,20.3652,-103.8222,64.4,27,1,4.61,MX,2021-03-15 06:13:22
205,chirongui,-12.9319,45.1483,86.0,70,40,6.91,YT,2021-03-15 06:16:42
206,coldwater,41.9403,-85.0005,30.2,64,1,5.75,US,2021-03-15 06:16:43
207,babynino,54.39,35.73,33.8,93,90,8.95,RU,2021-03-15 06:16:43
208,haines junction,60.7522,-137.5108,-5.8,71,61,2.3,CA,2021-03-15 06:15:36
209,sao joao da barra,-21.6403,-41.0511,74.68,90,46,9.48,BR,2021-03-15 06:09:16
210,znamenskoye,57.1281,73.8282,15.85,92,99,6.76,RU,2021-03-15 06:16:45
211,badarwas,24.9667,77.5667,91.22,15,49,6.64,IN,2021-03-15 06:16:46
212,san quintin,30.4833,-115.95,54.03,85,63,14.0,MX,2021-03-15 06:08:13
213,tuktoyaktuk,69.4541,-133.0374,-9.4,77,90,11.5,CA,2021-03-15 06:07:45
214,alofi,-19.0595,-169.9187,82.4,78,97,4.61,NU,2021-03-15 06:08:40
215,kenai,60.5544,-151.2583,19.99,86,90,5.75,US,2021-03-15 06:08:57
216,roberval,48.5168,-72.2324,1.4,55,40,14.97,CA,2021-03-15 06:16:47
217,marshall,34.3834,-86.3333,62.01,77,1,3.44,US,2021-03-15 06:16:47
218,puerto varas,-41.3195,-72.9854,53.6,87,90,8.05,CL,2021-03-15 06:16:48
219,northam,51.0333,-4.2167,48.0,92,34,15.01,GB,2021-03-15 06:11:10
220,harper,4.375,-7.7169,76.95,88,100,4.9,LR,2021-03-15 06:16:48
221,awjilah,29.1081,21.2869,58.15,55,0,10.58,LY,2021-03-15 06:07:26
222,beira,-19.8436,34.8389,82.4,83,20,8.05,MZ,2021-03-15 06:16:49
223,cabo san lucas,22.8909,-109.9124,62.6,36,1,6.91,MX,2021-03-15 06:04:02
224,jinzhou,41.1078,121.1417,56.17,26,36,15.37,CN,2021-03-15 06:16:50
225,touros,-5.1989,-35.4608,73.4,94,40,2.3,BR,2021-03-15 06:09:27
226,westlock,54.1502,-113.8688,33.8,93,90,2.3,CA,2021-03-15 06:16:51
227,limon,10.0,-83.0333,75.67,75,5,4.14,CR,2021-03-15 06:16:51
228,bathsheba,13.2167,-59.5167,78.8,73,20,11.5,BB,2021-03-15 06:14:05
229,faanui,-16.4833,-151.75,82.98,75,25,12.37,PF,2021-03-15 06:08:37
230,flinders,-34.5833,150.8552,72.0,57,0,4.0,AU,2021-03-15 06:16:37
231,wladyslawowo,54.7909,18.4009,37.99,93,75,6.91,PL,2021-03-15 06:16:52
232,omboue,-1.5746,9.2618,75.24,92,100,4.9,GA,2021-03-15 06:15:19
233,hithadhoo,-0.6,73.0833,84.65,61,57,5.91,MV,2021-03-15 06:08:45
234,omis,43.4447,16.6886,44.6,57,75,20.71,HR,2021-03-15 06:16:53
235,ballina,-28.8667,153.5667,69.8,94,90,17.27,AU,2021-03-15 06:16:53
236,luderitz,-26.6481,15.1594,64.0,77,0,20.58,NA,2021-03-15 06:07:23
237,hasaki,35.7333,140.8333,66.2,31,20,13.8,JP,2021-03-15 06:15:28
238,tessalit,20.1986,1.0114,64.63,31,0,9.93,ML,2021-03-15 06:14:01
239,satipo,-11.2522,-74.6386,67.89,88,48,1.36,PE,2021-03-15 06:16:55
240,plettenberg bay,-34.0527,23.3716,69.75,87,86,10.29,ZA,2021-03-15 06:16:56
241,keffi,8.8486,7.8736,77.0,78,100,2.3,NG,2021-03-15 06:16:56
242,indiaroba,-11.5192,-37.5117,72.09,84,72,1.83,BR,2021-03-15 06:16:57
243,ayorou,14.7308,0.9174,72.81,23,32,5.48,NE,2021-03-15 06:08:29
244,eskil,38.4017,33.4131,46.53,73,100,14.47,TR,2021-03-15 06:16:58
245,nyurba,63.2842,118.3319,3.18,83,69,11.81,RU,2021-03-15 06:10:36
246,bonthe,7.5264,-12.505,76.1,84,30,3.98,SL,2021-03-15 06:09:40
247,acarau,-2.8856,-40.12,76.53,85,37,8.03,BR,2021-03-15 06:16:59
248,arys,42.4252,68.795,26.6,74,71,6.71,KZ,2021-03-15 06:16:59
249,saldanha,-33.0117,17.9442,63.25,85,98,23.71,ZA,2021-03-15 06:07:56
250,comodoro rivadavia,-45.8667,-67.5,64.4,59,0,12.66,AR,2021-03-15 06:11:01
251,lebork,54.5392,17.7501,37.99,93,75,6.91,PL,2021-03-15 06:17:00
252,tiznit,29.5833,-9.5,62.31,33,99,2.37,MA,2021-03-15 06:15:01
253,salalah,17.0151,54.0924,84.2,45,0,3.44,OM,2021-03-15 06:15:24
254,jinchang,38.4953,102.1739,46.0,43,13,14.43,CN,2021-03-15 06:17:01
255,cabral,18.25,-71.2167,71.28,82,2,2.39,DO,2021-03-15 06:17:02
256,carnarvon,-24.8667,113.6333,89.6,62,0,13.8,AU,2021-03-15 06:08:08
257,safakulevo,54.9901,62.5442,18.52,75,65,11.14,RU,2021-03-15 06:17:02
258,inta,66.0317,60.1659,21.74,87,100,20.04,RU,2021-03-15 06:17:03
259,businga,3.3333,20.8833,71.06,96,100,3.62,CD,2021-03-15 06:17:03
260,bireun,5.203,96.7009,85.57,65,88,7.36,ID,2021-03-15 06:17:04
261,save,8.0425,2.486,78.35,78,64,1.05,BJ,2021-03-15 06:10:23
262,bozeman,45.6796,-111.0386,39.99,86,75,9.22,US,2021-03-15 06:13:09
263,san cristobal,7.7669,-72.225,65.25,92,60,2.21,VE,2021-03-15 06:08:49
264,luanda,-8.8368,13.2343,77.0,88,75,3.44,AO,2021-03-15 06:16:20
265,ciudad bolivar,8.1222,-63.5497,77.02,78,94,11.36,VE,2021-03-15 06:09:15
266,nuuk,64.1835,-51.7216,19.4,73,20,11.5,GL,2021-03-15 06:10:22
267,requena,39.4883,-1.1004,46.99,84,0,3.94,ES,2021-03-15 06:17:06
268,dingle,10.9995,122.6711,86.85,68,15,8.63,PH,2021-03-15 06:10:17
269,roald,62.5833,6.1333,34.0,100,75,5.75,NO,2021-03-15 06:08:31
270,bowling green,36.9903,-86.4436,53.6,50,20,16.11,US,2021-03-15 06:14:52
271,lac du bonnet,50.2536,-96.0612,30.0,99,0,5.99,CA,2021-03-15 06:17:07
272,gimli,50.6336,-96.9907,21.2,79,0,5.75,CA,2021-03-15 06:15:08
273,gat,31.61,34.7642,60.01,100,99,1.01,IL,2021-03-15 06:07:44
274,pevek,69.7008,170.3133,-7.85,96,100,15.37,RU,2021-03-15 06:07:42
275,college,64.8569,-147.8028,0.0,77,20,3.11,US,2021-03-15 06:08:23
276,atchison,39.563,-95.1216,44.01,94,99,12.86,US,2021-03-15 06:15:33
277,goderich,43.7501,-81.7165,23.0,54,0,9.22,CA,2021-03-15 06:17:09
278,naberera,-4.2,36.9333,67.71,71,15,2.91,TZ,2021-03-15 06:15:10
279,komsomolskiy,40.4272,71.7189,33.8,69,75,4.61,UZ,2021-03-15 06:17:09
280,kavaratti,10.5669,72.642,83.39,68,11,7.52,IN,2021-03-15 06:08:31
281,korla,41.7597,86.1469,61.07,24,31,8.72,CN,2021-03-15 06:09:15
282,limbang,4.75,115.0,86.0,74,75,11.5,MY,2021-03-15 06:17:10
283,skibbereen,51.55,-9.2667,44.6,93,20,9.22,IE,2021-03-15 06:13:36
284,provideniya,64.3833,-173.3,18.64,97,100,5.68,RU,2021-03-15 06:07:28
285,luwuk,-0.9516,122.7875,86.29,72,91,3.36,ID,2021-03-15 06:17:11
286,ushirombo,-3.4919,31.9639,70.38,73,77,5.57,TZ,2021-03-15 06:17:12
287,tamiahua,21.2667,-97.45,71.89,95,4,0.78,MX,2021-03-15 06:17:12
288,tautira,-17.7333,-149.15,82.4,69,75,4.61,PF,2021-03-15 06:15:44
289,westport,41.1415,-73.3579,28.0,33,1,19.57,US,2021-03-15 06:05:34
290,matagami,49.7502,-77.6328,-5.8,84,40,8.05,CA,2021-03-15 06:17:13
291,panguipulli,-39.6333,-72.3333,46.4,100,90,2.3,CL,2021-03-15 06:13:19
292,simi,9.5667,-12.35,74.66,72,11,0.16,SL,2021-03-15 06:17:14
293,kattivakkam,13.2167,80.3167,93.2,40,2,2.3,IN,2021-03-15 06:17:14
294,beloha,-25.1667,45.05,80.62,58,0,11.01,MG,2021-03-15 06:15:06
295,vila velha,-20.3297,-40.2925,75.2,88,40,3.44,BR,2021-03-15 06:08:24
296,imbituba,-28.24,-48.6703,69.8,94,0,3.44,BR,2021-03-15 06:17:15
297,muros,42.7762,-9.0603,44.01,85,1,3.0,ES,2021-03-15 06:14:44
298,quatre cocos,-20.2078,57.7625,77.0,94,75,5.75,MU,2021-03-15 06:08:16
299,nantucket,41.2835,-70.0995,23.0,63,78,30.49,US,2021-03-15 06:16:43
300,paciran,-6.8767,112.3761,85.35,67,88,6.78,ID,2021-03-15 06:17:17
301,ornskoldsvik,63.2909,18.7153,28.4,100,0,4.61,SE,2021-03-15 06:17:17
302,baraboo,43.4711,-89.7443,28.4,74,1,13.8,US,2021-03-15 06:17:17
303,sabang,5.8933,95.3214,83.23,73,41,17.38,ID,2021-03-15 06:08:33
304,geraldton,-28.7667,114.6,95.0,14,70,11.5,AU,2021-03-15 06:08:10
305,torres,-29.3353,-49.7269,71.24,88,15,1.19,BR,2021-03-15 06:17:18
306,xining,36.6167,101.7667,60.46,8,46,4.43,CN,2021-03-15 06:16:28
307,nome,64.5011,-165.4064,19.4,93,90,13.8,US,2021-03-15 06:10:37
308,yar-sale,66.8333,70.8333,15.53,97,97,3.56,RU,2021-03-15 06:13:50
309,jurado,7.1053,-77.7641,73.6,85,49,4.81,CO,2021-03-15 06:17:20
310,san nicolas,18.1725,120.5953,87.8,66,40,12.66,PH,2021-03-15 06:15:10
311,qasigiannguit,68.8193,-51.1922,10.4,61,98,6.91,GL,2021-03-15 06:17:20
312,tulle,45.3333,1.8333,39.0,53,99,5.86,FR,2021-03-15 06:17:21
313,onokhoy,51.932,108.0747,24.8,39,20,2.24,RU,2021-03-15 06:17:21
314,mangrol,21.1167,70.1167,88.41,33,0,7.96,IN,2021-03-15 06:14:42
315,bima,-8.4667,118.7167,86.63,69,75,3.98,ID,2021-03-15 06:17:22
316,meulaboh,4.1363,96.1285,86.11,63,27,5.21,ID,2021-03-15 06:10:39
317,roma,43.2128,-75.4557,26.6,33,75,16.11,US,2021-03-15 06:13:55
318,high level,58.5169,-117.136,3.2,78,90,8.05,CA,2021-03-15 06:17:23
319,omsukchan,62.5333,155.8,-1.08,88,30,2.39,RU,2021-03-15 06:16:49
320,havre-saint-pierre,50.2334,-63.5986,3.2,51,1,10.36,CA,2021-03-15 06:11:08
321,soe,-9.8607,124.284,76.37,85,86,3.49,ID,2021-03-15 06:17:24
322,kudahuvadhoo,2.6708,72.8944,83.39,67,97,5.59,MV,2021-03-15 06:10:46
323,surman,32.7567,12.5716,58.05,64,23,6.42,LY,2021-03-15 06:17:25
324,hofn,64.2539,-15.2082,35.33,73,100,9.08,IS,2021-03-15 06:15:58
325,tarko-sale,64.9225,77.785,18.82,96,94,13.69,RU,2021-03-15 06:17:26
326,swan hill,-35.3378,143.5544,76.21,31,92,8.52,AU,2021-03-15 06:14:41
327,talnakh,69.4865,88.3972,-20.83,84,34,2.46,RU,2021-03-15 06:13:11
328,chuy,-33.6971,-53.4616,61.45,86,0,2.35,UY,2021-03-15 06:08:33
329,iskateley,67.6803,53.1512,15.87,94,100,1.63,RU,2021-03-15 06:09:36
330,hetauda,27.4284,85.0322,71.6,49,20,3.44,NP,2021-03-15 06:17:27
331,bilma,18.6853,12.9164,74.32,17,0,12.12,NE,2021-03-15 06:10:00
332,namatanai,-3.6667,152.4333,84.13,66,93,7.47,PG,2021-03-15 06:16:49
333,tulsipur,28.131,82.2973,85.08,17,0,8.21,NP,2021-03-15 06:17:28
334,abu dhabi,24.4667,54.3667,73.4,68,0,5.75,AE,2021-03-15 06:15:08
335,lavrentiya,65.5833,-171.0,20.75,94,100,10.38,RU,2021-03-15 06:09:17
336,russell,32.3502,-85.1999,61.0,88,1,5.75,US,2021-03-15 06:16:48
337,port blair,11.6667,92.75,86.0,74,40,9.22,IN,2021-03-15 06:14:33
338,cuamba,-14.8031,36.5372,70.03,95,98,1.66,MZ,2021-03-15 06:17:29
339,yeppoon,-23.1333,150.7333,78.8,78,90,18.41,AU,2021-03-15 06:15:32
340,namibe,-15.1961,12.1522,74.73,85,100,3.85,AO,2021-03-15 06:14:28
341,koslan,63.4564,48.8989,25.9,92,98,8.21,RU,2021-03-15 06:09:30
342,taoudenni,22.6783,-3.9836,66.7,40,76,10.85,ML,2021-03-15 06:07:50
343,igarka,67.4667,86.5833,-8.43,83,53,3.51,RU,2021-03-15 06:17:31
344,saint-ambroise,48.5501,-71.3324,1.99,66,100,14.97,CA,2021-03-15 06:09:21
345,hovd,48.0056,91.6419,23.32,58,100,3.76,MN,2021-03-15 06:17:32
346,evensk,61.95,159.2333,-2.97,75,24,1.63,RU,2021-03-15 06:12:18
347,navirai,-23.065,-54.1906,69.42,92,51,2.55,BR,2021-03-15 06:17:32
348,ndola,-12.9587,28.6366,64.62,96,51,5.59,ZM,2021-03-15 06:17:33
349,port macquarie,-31.4333,152.9167,70.0,73,75,11.5,AU,2021-03-15 06:13:34
350,broken hill,-31.95,141.4333,73.4,21,0,17.27,AU,2021-03-15 06:10:29
351,horizonte,-4.1,-38.4833,82.4,74,75,8.05,BR,2021-03-15 06:17:34
352,shimoda,34.6667,138.95,60.8,55,20,9.22,JP,2021-03-15 06:17:34
353,north platte,41.1239,-100.7654,37.4,93,90,10.36,US,2021-03-15 06:17:14
354,goma,-1.6792,29.2228,69.15,66,67,0.89,CD,2021-03-15 06:17:35
355,lyubech,51.7026,30.6569,34.12,96,100,2.01,UA,2021-03-15 06:17:35
356,ust-omchug,61.15,149.6333,8.56,87,76,2.24,RU,2021-03-15 06:17:36
357,llanes,43.4198,-4.7549,48.99,77,1,3.33,ES,2021-03-15 06:17:36
358,praia da vitoria,38.7333,-27.0667,59.0,88,20,4.72,PT,2021-03-15 06:07:55
359,petropavlovka,50.6114,105.3196,20.35,67,1,2.06,RU,2021-03-15 06:17:37
360,alice springs,-23.7,133.8833,71.6,40,62,14.97,AU,2021-03-15 06:17:38
361,ikalamavony,-21.15,46.5833,73.96,70,32,9.19,MG,2021-03-15 06:17:38
362,izhma,65.0083,53.9113,26.33,94,100,8.01,RU,2021-03-15 06:15:39
363,ginir,7.1333,40.7,64.92,50,27,12.77,ET,2021-03-15 06:17:39
364,vostok,46.4856,135.8833,48.36,66,0,2.59,RU,2021-03-15 06:08:54
365,trang,7.5,99.5,95.0,38,20,10.36,TH,2021-03-15 06:17:40
366,nalut,30.3333,10.85,53.44,57,19,6.42,LY,2021-03-15 06:17:41
367,linqiong,30.4159,103.4609,81.0,44,28,2.24,CN,2021-03-15 06:17:41
368,saryg-sep,51.5,95.6,20.05,65,100,2.73,RU,2021-03-15 06:17:41
369,hualmay,-11.0964,-77.6139,73.35,72,90,5.97,PE,2021-03-15 06:10:23
370,atuona,-9.8,-139.0333,80.15,69,7,11.39,PF,2021-03-15 06:07:45
371,east london,-33.0153,27.9116,75.2,83,0,8.05,ZA,2021-03-15 06:12:43
372,cubuk,40.2386,33.0322,45.0,70,75,2.15,TR,2021-03-15 06:17:43
373,palana,59.1167,159.9667,10.26,94,100,9.71,RU,2021-03-15 06:10:41
374,rio grande,-32.035,-52.0986,67.68,74,7,5.93,BR,2021-03-15 06:08:25
375,launceston,-41.45,147.1667,78.01,38,40,5.75,AU,2021-03-15 06:16:27
376,bam,29.106,58.357,62.31,24,0,5.61,IR,2021-03-15 06:15:54
377,mustasaari,63.1142,21.6822,32.0,93,90,8.05,FI,2021-03-15 06:17:44
378,tisul,55.7611,88.3122,18.97,78,100,10.65,RU,2021-03-15 06:17:44
379,thinadhoo,0.5333,72.9333,83.35,69,79,2.59,MV,2021-03-15 06:17:45
380,kristiansund,63.1115,7.732,35.6,93,75,5.75,NO,2021-03-15 06:17:45
381,hambantota,6.1241,81.1185,87.8,70,20,12.66,LK,2021-03-15 06:16:07
382,shenjiamen,29.9576,122.298,59.65,81,0,23.04,CN,2021-03-15 06:17:46
383,vinh,18.6667,105.6667,81.07,69,11,10.04,VN,2021-03-15 06:17:46
384,awbari,26.5921,12.7805,54.54,74,13,9.01,LY,2021-03-15 06:17:47
385,jaguariaiva,-24.2511,-49.7058,63.25,94,57,0.54,BR,2021-03-15 06:17:47
386,saint-leu,-21.15,55.2833,81.0,74,0,21.85,RE,2021-03-15 06:17:48
387,wanning,18.8003,110.3967,77.05,74,49,8.05,CN,2021-03-15 06:17:48
388,djenne,13.9061,-4.5533,70.02,28,10,8.37,ML,2021-03-15 06:17:49
389,bahia blanca,-38.7196,-62.2724,65.12,70,30,6.82,AR,2021-03-15 06:17:50
390,pacific grove,36.6177,-121.9166,50.0,87,90,16.11,US,2021-03-15 06:17:50
391,tucuma,-0.1833,-50.05,75.04,92,52,3.58,BR,2021-03-15 06:17:51
392,cayenne,4.9333,-52.3333,78.01,100,90,2.3,GF,2021-03-15 06:17:51
393,banepa,27.6298,85.5214,71.6,49,20,3.44,NP,2021-03-15 06:17:52
394,bereslavka,48.6254,44.0449,28.4,74,75,15.66,RU,2021-03-15 06:17:52
395,cam ranh,11.9214,109.1591,82.4,61,0,16.11,VN,2021-03-15 06:17:52
396,aripuana,-9.1667,-60.6333,71.96,99,91,0.58,BR,2021-03-15 06:17:53
397,belmonte,-15.8631,-38.8828,69.8,94,20,3.44,BR,2021-03-15 06:17:54
398,khorixas,-20.3667,14.9667,71.35,66,24,1.77,NA,2021-03-15 06:17:54
399,seminole,28.7086,-81.2081,66.99,82,1,4.61,US,2021-03-15 06:17:54
400,mantua,45.1667,10.7833,39.0,89,2,5.01,IT,2021-03-15 06:17:55
401,codrington,-38.2667,141.9667,64.17,79,98,10.45,AU,2021-03-15 06:10:10
402,utiel,39.5667,-1.2,46.99,84,0,5.32,ES,2021-03-15 06:17:55
403,itarema,-2.9248,-39.9167,76.3,86,42,7.31,BR,2021-03-15 06:16:01
404,la romana,18.4273,-68.9728,71.6,78,20,4.61,DO,2021-03-15 06:10:04
405,flin flon,54.7682,-101.865,30.88,78,18,12.59,CA,2021-03-15 06:08:49
406,walajapet,12.9333,79.3833,91.98,28,5,6.06,IN,2021-03-15 06:17:57
407,shangrao,28.4532,117.9686,80.17,56,5,5.1,CN,2021-03-15 06:17:57
408,kuytun,54.3419,101.5036,14.43,86,100,9.82,RU,2021-03-15 06:09:44
409,kyshtovka,56.555,76.6271,10.65,96,100,8.7,RU,2021-03-15 06:17:58
410,cururupu,-1.8283,-44.8683,72.97,96,19,1.52,BR,2021-03-15 06:08:23
411,petropavlovsk-kamchatskiy,53.0452,158.6483,42.8,36,0,6.71,RU,2021-03-15 06:17:59
412,ivanovka,42.8878,75.085,21.2,73,0,4.47,KG,2021-03-15 06:17:59
413,ranong,9.9658,98.6348,93.2,49,20,6.91,TH,2021-03-15 06:18:00
414,pingliang,35.5392,106.6861,67.03,22,0,10.71,CN,2021-03-15 06:18:00
415,lagoa,39.05,-27.9833,59.32,92,52,8.52,PT,2021-03-15 06:18:01
416,pangnirtung,66.1451,-65.7125,-18.18,83,19,2.08,CA,2021-03-15 06:14:42
417,xuddur,4.1213,43.8894,79.07,65,60,20.29,SO,2021-03-15 06:18:01
418,arica,-18.475,-70.3042,69.8,78,0,6.91,CL,2021-03-15 06:18:02
419,alihe,50.5667,123.7167,24.31,91,100,11.21,CN,2021-03-15 06:18:02
420,vardo,70.3705,31.1107,28.4,93,75,11.5,NO,2021-03-15 06:13:09
421,gari,59.4307,62.3497,21.04,95,43,11.65,RU,2021-03-15 06:18:03
422,samarai,-10.6167,150.6667,82.76,70,74,1.12,PG,2021-03-15 06:13:29
423,los llanos de aridane,28.6585,-17.9182,66.2,59,90,10.36,ES,2021-03-15 06:18:04
424,green river,41.5286,-109.4662,27.0,80,90,4.61,US,2021-03-15 06:18:04
425,cariati,39.4922,16.9594,48.99,100,90,13.58,IT,2021-03-15 06:18:05
426,stephenville,32.2207,-98.2023,52.0,43,1,5.75,US,2021-03-15 06:15:50
427,hamilton,39.1834,-84.5333,39.99,33,1,16.11,US,2021-03-15 06:15:43
428,ahipara,-35.1667,173.1667,65.98,86,74,2.77,NZ,2021-03-15 06:09:33
429,port lincoln,-34.7333,135.8667,67.62,65,99,11.45,AU,2021-03-15 06:08:14
430,sinnamary,5.3833,-52.95,76.82,85,99,10.47,GF,2021-03-15 06:16:09
431,half moon bay,37.4636,-122.4286,46.99,81,75,19.57,US,2021-03-15 06:11:18
432,itumba,-9.4,33.1833,67.98,89,76,2.98,TZ,2021-03-15 06:18:07
433,escanaba,45.7453,-87.0646,19.4,86,1,3.44,US,2021-03-15 06:18:07
434,shingu,33.7333,135.9833,59.0,47,0,16.11,JP,2021-03-15 06:15:32
435,fakel,57.6325,53.0252,20.93,91,97,10.8,RU,2021-03-15 06:18:08
436,mori,34.8333,137.9333,66.0,29,20,13.8,JP,2021-03-15 06:18:08
437,boa vista,2.8197,-60.6733,78.8,83,75,2.3,BR,2021-03-15 06:18:09
438,tomatlan,19.9333,-105.25,63.07,75,0,1.88,MX,2021-03-15 06:18:10
439,puerto armuelles,8.2833,-82.8667,76.14,71,0,4.45,PA,2021-03-15 06:18:10
440,makakilo city,21.3469,-158.0858,73.4,73,1,2.8,US,2021-03-15 06:08:56
441,marsa matruh,31.3525,27.2453,55.4,88,40,5.75,EG,2021-03-15 06:15:39
442,the valley,18.217,-63.0578,75.2,78,0,2.3,AI,2021-03-15 06:18:11
443,xichang,27.8964,102.2634,74.46,30,0,4.27,CN,2021-03-15 06:18:11
444,coquimbo,-29.9533,-71.3436,60.8,82,90,2.3,CL,2021-03-15 06:13:47
445,polis,35.0367,32.4264,59.0,82,75,2.3,CY,2021-03-15 06:18:12
446,celestun,20.8667,-90.4,77.34,76,0,15.99,MX,2021-03-15 06:18:13
447,miles city,46.4083,-105.8406,35.6,64,20,13.8,US,2021-03-15 06:08:22
448,matara,5.9485,80.5353,88.47,52,100,9.78,LK,2021-03-15 06:09:00
449,bartica,6.4,-58.6167,75.2,94,75,2.3,GY,2021-03-15 06:18:13
450,kropotkin,45.4375,40.5756,37.85,70,1,11.95,RU,2021-03-15 06:18:14
451,hibbing,47.4272,-92.9377,19.4,73,1,3.44,US,2021-03-15 06:17:29
452,noumea,-22.2763,166.4572,82.4,65,20,17.27,NC,2021-03-15 06:10:44
453,tra vinh,9.9347,106.3453,90.99,44,66,11.03,VN,2021-03-15 06:18:15
454,lar,26.2039,83.9717,93.63,10,0,11.59,IN,2021-03-15 06:18:15
455,santiago del estero,-27.7951,-64.2615,73.06,84,98,1.16,AR,2021-03-15 06:18:16
456,atagay,55.1033,99.3875,17.53,78,100,6.87,RU,2021-03-15 06:18:16
457,prescott,34.54,-112.4685,42.01,52,1,9.22,US,2021-03-15 06:17:12
458,takapau,-40.0333,176.35,68.0,70,79,0.69,NZ,2021-03-15 06:18:17
459,makurdi,7.7411,8.5121,74.17,77,92,4.63,NG,2021-03-15 06:18:17
460,tocopilla,-22.092,-70.1979,66.78,78,32,3.87,CL,2021-03-15 06:18:18
461,mastic beach,40.7668,-72.8521,27.0,44,17,5.01,US,2021-03-15 06:18:18
462,mae hong son,19.3003,97.9685,96.8,36,20,5.75,TH,2021-03-15 06:18:19
463,biak,-0.9131,122.8766,84.02,70,92,3.0,ID,2021-03-15 06:18:19
464,karratha,-20.7377,116.8463,93.42,39,50,19.82,AU,2021-03-15 06:09:09
465,tarakan,3.3,117.6333,83.68,70,32,5.73,ID,2021-03-15 06:10:33
466,oum hadjer,13.2954,19.6966,82.63,15,1,8.32,TD,2021-03-15 06:18:20
467,manokwari,-0.8667,134.0833,83.55,72,54,7.18,ID,2021-03-15 06:14:24
468,vao,-22.6667,167.4833,76.93,79,0,15.08,NC,2021-03-15 06:13:24
469,palmer,42.1584,-72.3287,21.99,33,1,26.46,US,2021-03-15 06:18:21
470,santa marinella,42.0345,11.8536,37.99,80,0,4.61,IT,2021-03-15 06:18:22
471,tsumeb,-19.2333,17.7167,68.5,69,10,6.02,NA,2021-03-15 06:18:22
472,pontarlier,46.8333,6.25,37.99,92,100,10.0,FR,2021-03-15 06:18:23
473,mecca,21.4267,39.8261,82.38,41,27,3.6,SA,2021-03-15 06:18:03
474,bandarbeyla,9.4942,50.8122,80.56,71,99,11.74,SO,2021-03-15 06:08:26
475,makat,47.6469,53.3463,25.95,46,0,10.38,KZ,2021-03-15 06:18:24
476,mount gambier,-37.8333,140.7667,68.0,68,75,10.36,AU,2021-03-15 06:16:07
477,snezhnogorsk,69.1933,33.2531,24.8,93,75,4.47,RU,2021-03-15 06:09:04
478,el alto,-4.2714,-81.2147,74.79,77,100,6.13,PE,2021-03-15 06:18:24
479,dongsheng,39.8161,109.9776,37.89,14,71,10.42,CN,2021-03-15 06:09:16
480,matias romero,16.8833,-95.0333,73.13,92,4,8.34,MX,2021-03-15 06:18:25
481,okha,53.5739,142.9478,39.22,74,0,12.55,RU,2021-03-15 06:14:56
482,iqaluit,63.7506,-68.5145,-14.8,70,75,25.32,CA,2021-03-15 06:08:30
483,sao filipe,14.8961,-24.4956,70.34,73,0,6.17,CV,2021-03-15 06:09:06
484,gazipur,23.9981,90.423,89.6,48,40,3.44,BD,2021-03-15 06:18:26
485,sabha,27.0377,14.4283,54.54,74,24,13.24,LY,2021-03-15 06:18:27
486,qorveh,35.1664,47.8045,46.09,56,95,4.14,IR,2021-03-15 06:18:27
487,novo aripuana,-5.1206,-60.3797,72.46,98,95,1.45,BR,2021-03-15 06:18:27
488,mosquera,4.7059,-74.2302,51.8,93,97,2.3,CO,2021-03-15 06:15:40
489,camacha,33.0833,-16.3333,59.0,77,20,8.05,PT,2021-03-15 06:15:35
490,emerald,-23.5333,148.1667,91.4,40,40,8.05,AU,2021-03-15 06:13:28
491,les cayes,18.2,-73.75,71.87,84,0,2.42,HT,2021-03-15 06:16:18
492,kirakira,-10.4544,161.9205,82.13,76,71,6.31,SB,2021-03-15 06:18:29
493,dalnerechensk,45.9339,133.7225,38.84,89,45,5.14,RU,2021-03-15 06:18:30
494,dwarka,22.2394,68.9678,84.94,43,0,11.36,IN,2021-03-15 06:18:30
495,prince george,53.9166,-122.753,28.0,86,40,4.61,CA,2021-03-15 06:18:31
496,bonavista,48.6499,-53.1147,27.0,100,100,2.3,CA,2021-03-15 06:18:31
497,marsh harbour,26.5412,-77.0636,71.35,68,15,6.93,BS,2021-03-15 06:06:13
498,moss vale,-34.55,150.3833,72.0,35,0,9.22,AU,2021-03-15 06:18:32
499,california city,35.1258,-117.9859,53.01,76,40,16.11,US,2021-03-15 06:18:32
500,lata,40.1629,-8.3327,51.01,100,40,2.3,PT,2021-03-15 06:13:38
501,mahon,39.8885,4.2658,50.0,81,75,6.91,ES,2021-03-15 06:18:33
502,the pas,53.8251,-101.2541,32.0,64,1,14.97,CA,2021-03-15 06:18:33
503,cholet,47.1667,-1.0,48.99,89,82,13.94,FR,2021-03-15 06:18:34
504,sarrebourg,48.7333,7.05,39.2,93,90,9.22,FR,2021-03-15 06:18:34
505,lumeje,-11.55,20.7833,66.97,91,99,3.06,AO,2021-03-15 06:18:35
506,auki,-8.7676,160.7034,83.03,73,82,4.52,SB,2021-03-15 06:15:16
507,sumter,28.7086,-82.0831,62.6,82,1,2.08,US,2021-03-15 06:18:36
508,necochea,-38.5473,-58.7368,57.99,95,0,1.01,AR,2021-03-15 06:09:57
509,sibu,2.3,111.8167,89.6,55,40,4.61,MY,2021-03-15 06:15:38
510,ouadda,8.0777,22.4007,74.57,65,96,7.25,CF,2021-03-15 06:18:37
511,asaba,6.2006,6.7338,74.73,88,98,3.2,NG,2021-03-15 06:18:37
512,muyezerskiy,63.9333,31.65,26.69,96,100,4.79,RU,2021-03-15 06:10:12
513,itupiranga,-5.1347,-49.3267,77.0,100,0,1.43,BR,2021-03-15 06:18:38
514,bjornevatn,69.6672,29.9847,24.8,93,90,4.61,NO,2021-03-15 06:18:39
515,olinda,-8.0089,-34.8553,75.2,78,40,5.75,BR,2021-03-15 06:18:39
516,naze,28.3667,129.4833,69.8,56,20,8.05,JP,2021-03-15 06:16:38
517,piranhas,-16.4269,-51.8222,69.76,93,100,1.23,BR,2021-03-15 06:18:40
518,port-gentil,-0.7193,8.7815,79.88,78,100,5.3,GA,2021-03-15 06:13:22
519,chunskiy,56.0815,99.6342,18.27,77,100,5.5,RU,2021-03-15 06:18:40
520,walvis bay,-22.9575,14.5053,60.01,100,35,2.3,NA,2021-03-15 06:16:28
521,pecos,31.4229,-103.4932,55.4,21,1,12.66,US,2021-03-15 06:18:41
522,pavlodolskaya,43.7192,44.4781,26.6,93,90,4.47,RU,2021-03-15 06:18:41
523,saint anthony,45.0205,-93.218,37.4,51,1,9.22,US,2021-03-15 06:09:29
524,ngunguru,-35.6167,174.5,69.01,84,45,4.0,NZ,2021-03-15 06:18:42
525,lipari,38.4674,14.954,53.01,66,1,34.02,IT,2021-03-15 06:18:43
526,cedar city,37.6775,-113.0619,37.99,60,1,6.91,US,2021-03-15 06:07:12
527,padre bernardo,-15.35,-48.5,67.84,94,100,2.75,BR,2021-03-15 06:18:43
528,praia,14.9215,-23.5087,64.4,59,0,5.75,CV,2021-03-15 06:18:44
529,oudtshoorn,-33.5907,22.2014,66.2,88,20,9.22,ZA,2021-03-15 06:18:44
530,bonfim,3.0833,-59.95,77.23,79,99,6.46,BR,2021-03-15 06:18:45
531,zalantun,48.0,122.7167,35.58,74,60,9.84,CN,2021-03-15 06:18:45
532,palma,39.5694,2.6502,46.0,93,20,1.14,ES,2021-03-15 06:18:46
533,pisco,-13.7,-76.2167,73.4,68,0,6.91,PE,2021-03-15 06:04:52
534,nacala,-14.5428,40.6728,79.29,86,79,5.53,MZ,2021-03-15 06:18:46
535,hami,42.8,93.45,54.43,20,97,9.37,CN,2021-03-15 06:09:14
536,teguise,29.0605,-13.564,59.0,82,20,4.61,ES,2021-03-15 06:18:47
537,verkh-usugli,52.7,115.1667,18.23,55,0,13.98,RU,2021-03-15 06:18:47
538,luwingu,-10.2621,29.9271,64.99,93,63,5.53,ZM,2021-03-15 06:18:48
539,kotelnich,58.3089,48.348,31.57,97,97,9.8,RU,2021-03-15 06:18:48
540,nemuro,43.3236,145.575,42.8,65,75,8.05,JP,2021-03-15 06:10:03
541,turinskaya sloboda,57.6232,64.3858,18.43,88,27,11.07,RU,2021-03-15 06:18:49
542,shahreza,32.0339,51.8794,51.01,35,95,2.64,IR,2021-03-15 06:18:49
543,inyonga,-6.7167,32.0667,69.1,76,12,4.07,TZ,2021-03-15 06:18:50
544,agua dulce,18.1333,-94.1333,75.6,80,8,2.66,MX,2021-03-15 06:18:51
545,eenhana,-17.4667,16.3333,75.2,73,88,2.3,NA,2021-03-15 06:18:51
546,waddan,29.1614,16.139,53.1,82,0,8.93,LY,2021-03-15 06:18:52
547,inhambane,-23.865,35.3833,78.8,94,20,2.15,MZ,2021-03-15 06:14:55
548,parambu,-6.2111,-40.6944,68.13,89,71,2.66,BR,2021-03-15 06:18:52
549,lubartow,51.4603,22.6095,35.01,100,0,5.75,PL,2021-03-15 06:18:53
550,grand gaube,-20.0064,57.6608,77.0,91,90,3.0,MU,2021-03-15 06:18:54
551,kamyshla,54.1169,52.1426,12.31,84,97,15.01,RU,2021-03-15 06:18:54
552,havoysund,70.9963,24.6622,30.2,86,90,13.8,NO,2021-03-15 06:09:20
553,phan thiet,10.9333,108.1,86.67,53,71,13.87,VN,2021-03-15 06:10:00
554,ukiah,39.1502,-123.2078,42.8,65,1,18.41,US,2021-03-15 06:09:05
555,khasan,42.4308,130.6434,43.9,72,92,17.9,RU,2021-03-15 06:18:56
556,tutoia,-2.7619,-42.2744,76.35,88,8,7.23,BR,2021-03-15 06:18:57
557,chumikan,54.7183,135.315,29.08,93,100,8.46,RU,2021-03-15 06:09:53
558,blagoyevo,63.3667,47.9167,25.39,97,94,6.71,RU,2021-03-15 06:18:58
559,shalinskoye,55.7228,93.7594,23.07,69,95,2.28,RU,2021-03-15 06:18:58
560,kosh-agach,50.0,88.6667,18.55,52,100,1.77,RU,2021-03-15 06:18:59
561,umm lajj,25.0213,37.2685,78.01,54,88,1.36,SA,2021-03-15 06:09:56
562,gremyachinsk,58.5603,57.851,21.99,66,100,3.0,RU,2021-03-15 06:19:00
563,bac lieu,9.285,105.7244,85.8,55,95,15.39,VN,2021-03-15 06:19:00
564,mangan,27.5167,88.5333,75.34,51,10,6.38,IN,2021-03-15 06:19:01
565,micheweni,-4.9667,39.8333,85.42,57,25,1.34,TZ,2021-03-15 06:19:01
566,punta alta,-38.8759,-62.0736,64.15,77,21,9.93,AR,2021-03-15 06:19:01
567,ribeira brava,32.65,-17.0667,54.0,76,93,5.01,PT,2021-03-15 06:19:02
568,maragogi,-9.0122,-35.2225,75.67,78,100,3.69,BR,2021-03-15 06:19:03
569,camana,-16.6228,-72.7111,71.17,78,39,6.58,PE,2021-03-15 06:19:03
570,blagodatnoye,45.3997,42.5867,32.0,86,75,17.9,RU,2021-03-15 06:19:04
571,bereda,43.2686,-7.5406,39.99,100,45,3.02,ES,2021-03-15 06:16:40
572,bensonville,6.4461,-10.6125,75.2,88,75,3.44,LR,2021-03-15 06:19:05
573,kutum,14.2,24.6667,76.41,7,2,4.72,SD,2021-03-15 06:10:17
574,aswan,24.0934,32.907,74.25,28,1,3.38,EG,2021-03-15 06:15:30
575,daru,-9.0763,143.2092,84.29,70,90,7.65,PG,2021-03-15 06:18:13
576,brae,60.3964,-1.353,39.2,87,20,9.22,GB,2021-03-15 06:19:06
577,gushikawa,26.3544,127.8686,77.0,53,40,10.36,JP,2021-03-15 06:13:13
578,sulechow,52.0836,15.6251,37.4,93,90,9.22,PL,2021-03-15 06:15:02
579,tuatapere,-46.1333,167.6833,57.0,65,73,17.0,NZ,2021-03-15 06:16:03
580,marienburg,54.0359,19.0266,35.01,100,89,8.72,PL,2021-03-15 06:19:07
581,belem,-1.4558,-48.5044,75.2,94,0,3.44,BR,2021-03-15 06:16:36
582,bud,39.447,-86.1758,41.0,55,100,16.73,US,2021-03-15 06:19:07
583,vila franca do campo,37.7167,-25.4333,59.0,94,75,2.3,PT,2021-03-15 06:19:08
584,tura,25.5198,90.2201,88.72,23,6,6.98,IN,2021-03-15 06:19:08
585,fare,-16.7,-151.0167,82.9,76,44,14.07,PF,2021-03-15 06:10:55
586,altadena,34.1897,-118.1312,53.01,81,100,5.14,US,2021-03-15 06:18:47
587,honiara,-9.4333,159.95,81.55,81,94,4.12,SB,2021-03-15 06:19:09
588,redmond,47.674,-122.1215,37.99,89,100,1.72,US,2021-03-15 06:14:22
589,shieli,44.1667,66.75,22.57,92,54,7.47,KZ,2021-03-15 06:13:44
590,clearwater,27.9659,-82.8001,66.99,94,0,2.86,US,2021-03-15 06:15:58
591,kismayo,-0.3582,42.5454,82.38,67,6,10.25,SO,2021-03-15 06:19:10
592,oxford,51.7522,-1.256,45.0,87,75,6.91,GB,2021-03-15 06:15:00
593,ojinaga,29.5667,-104.4167,59.0,15,1,3.44,MX,2021-03-15 06:19:11
594,tricase,39.9304,18.3553,48.99,81,20,6.91,IT,2021-03-15 06:19:11
595,skelleftea,64.7507,20.9528,27.0,100,75,1.14,SE,2021-03-15 06:19:12
596,nortelandia,-14.4547,-56.8028,71.76,94,99,2.3,BR,2021-03-15 06:19:13
597,sishui,35.6489,117.2758,71.01,1,68,6.33,CN,2021-03-15 06:19:13
598,payakumbuh,-0.2202,100.6308,82.72,78,93,2.59,ID,2021-03-15 06:19:13
599,ostashkov,57.1467,33.1075,33.94,94,99,10.31,RU,2021-03-15 06:19:14
600,ketchikan,55.3422,-131.6461,26.6,93,75,3.44,US,2021-03-15 06:17:54
601,yekepa,7.5753,-8.5419,68.97,96,100,1.23,LR,2021-03-15 06:19:16
602,prince rupert,54.3161,-130.3201,37.4,93,40,5.75,CA,2021-03-15 06:19:16
603,humaita,-7.5061,-63.0208,73.56,97,100,1.99,BR,2021-03-15 06:19:17
604,guerrero negro,27.9769,-114.0611,55.47,78,51,14.45,MX,2021-03-15 06:19:17
605,ustka,54.5805,16.8619,37.6,94,100,12.75,PL,2021-03-15 06:17:08
606,davlekanovo,54.2215,55.0343,14.0,62,75,8.95,RU,2021-03-15 06:19:18
607,lasa,46.6166,10.7002,32.0,100,90,3.44,IT,2021-03-15 06:15:27
608,oussouye,12.485,-16.5469,71.6,88,0,6.89,SN,2021-03-15 06:10:48
609,worthington,40.0931,-83.018,30.99,31,1,10.36,US,2021-03-15 06:19:19
610,benguela,-12.5763,13.4055,79.99,78,100,2.86,AO,2021-03-15 06:19:19
611,tiarei,-17.5333,-149.3333,82.4,69,75,4.61,PF,2021-03-15 06:10:22
612,semey,50.4111,80.2275,8.6,66,0,6.71,KZ,2021-03-15 06:19:20
613,mayo,38.8876,-76.5119,42.8,31,1,16.11,US,2021-03-15 06:19:20
614,coahuayana,18.7333,-103.6833,70.2,89,24,2.21,MX,2021-03-15 06:19:21
615,ixtapa,20.7,-105.2,66.0,84,0,2.15,MX,2021-03-15 06:14:56
616,acari,-15.4311,-74.6158,72.54,67,93,1.9,PE,2021-03-15 06:19:22
617,zlobin,45.2924,14.6541,42.8,52,40,4.61,HR,2021-03-15 06:19:22
618,makueni,-1.8041,37.6203,71.85,65,88,2.42,KE,2021-03-15 06:19:23
619,cervo,43.6702,-7.4101,46.2,87,5,3.33,ES,2021-03-15 06:15:42
620,oranjemund,-28.55,16.4333,62.94,87,4,13.44,NA,2021-03-15 06:10:01
621,leshukonskoye,64.8989,45.7622,25.95,95,99,6.24,RU,2021-03-15 06:19:24
622,pijijiapan,15.7011,-93.23,74.66,84,9,3.02,MX,2021-03-15 06:19:24
623,angoche,-16.2325,39.9086,79.54,84,96,7.38,MZ,2021-03-15 06:13:32
624,bendigo,-36.7667,144.2833,79.0,40,34,1.01,AU,2021-03-15 06:19:06
625,san juan,-31.5375,-68.5364,71.1,72,7,3.44,AR,2021-03-15 06:15:59
626,camacupa,-12.0167,17.4833,62.53,91,100,2.55,AO,2021-03-15 06:19:25
627,aykhal,66.0,111.5,-3.23,88,100,19.93,RU,2021-03-15 06:19:26
628,ogaminana,7.5946,6.2248,77.18,80,99,4.92,NG,2021-03-15 06:19:26
629,bereznik,62.8551,42.7072,26.37,98,96,8.28,RU,2021-03-15 06:19:27
630,krasnooktyabrskiy,44.9328,38.3712,43.0,74,0,15.99,RU,2021-03-15 06:19:27
631,padang,-0.9492,100.3543,86.0,70,20,5.75,ID,2021-03-15 06:10:41
632,san agustin,20.5333,-103.4667,64.4,27,1,4.61,MX,2021-03-15 06:19:28
633,hurghada,27.2574,33.8129,62.6,42,0,9.22,EG,2021-03-15 06:14:36
634,rajula,21.05,71.4333,94.98,15,0,9.04,IN,2021-03-15 06:19:29
635,rundu,-17.9333,19.7667,69.3,72,87,4.54,NA,2021-03-15 06:19:29
636,mason city,43.1536,-93.201,35.6,51,90,21.85,US,2021-03-15 06:18:17
637,dambulla,7.86,80.6517,88.07,46,49,9.15,LK,2021-03-15 06:19:30
638,chernyshevskiy,63.0128,112.4714,4.42,94,91,13.4,RU,2021-03-15 06:19:30
639,blythe,33.6103,-114.5964,64.4,34,1,11.5,US,2021-03-15 06:19:31
640,manggar,-2.8833,108.2667,83.64,76,100,9.17,ID,2021-03-15 06:14:38
641,novikovo,51.1537,37.8879,32.94,93,69,13.09,RU,2021-03-15 06:19:32
642,kysyl-syr,63.8986,122.7617,-1.89,83,13,8.75,RU,2021-03-15 06:19:32
643,edea,3.8,10.1333,74.53,91,100,1.21,CM,2021-03-15 06:19:33
644,zhanaozen,43.3,52.8,32.38,31,0,16.93,KZ,2021-03-15 06:18:21
645,longhua,23.6137,114.1919,80.22,52,34,5.39,CN,2021-03-15 06:19:33
646,ponta delgada,37.7333,-25.6667,59.0,94,75,2.3,PT,2021-03-15 06:19:34
647,vaitape,-16.5167,-151.75,82.96,75,27,12.35,PF,2021-03-15 06:19:34
648,pauini,-7.7136,-66.9764,72.34,98,86,0.58,BR,2021-03-15 06:19:35
649,tilichiki,60.4667,166.1,2.68,87,89,1.61,RU,2021-03-15 06:19:32
650,mocuba,-16.8392,36.9856,76.01,92,45,3.02,MZ,2021-03-15 06:19:36
651,voh,-20.9667,164.7,80.87,74,31,9.24,NC,2021-03-15 06:19:36
652,potiskum,11.7091,11.0694,78.33,22,34,4.79,NG,2021-03-15 06:19:36
653,vanimo,-2.6741,141.3028,83.84,78,97,9.08,PG,2021-03-15 06:19:37
654,bousso,10.4795,16.7117,83.55,38,57,8.39,TD,2021-03-15 06:19:37
655,ankang,32.68,109.0172,76.98,45,19,1.19,CN,2021-03-15 06:19:38
656,eidsvag,62.7767,8.0668,35.6,93,75,5.75,NO,2021-03-15 06:19:38
657,mugla,37.2303,28.3557,55.4,100,75,3.44,TR,2021-03-15 06:14:39
658,warud,21.4667,78.2667,94.08,16,0,9.4,IN,2021-03-15 06:19:39
659,hirara,24.8,125.2833,77.0,61,20,12.66,JP,2021-03-15 06:19:39
660,yima,34.7381,111.8839,73.99,99,0,1.99,CN,2021-03-15 06:19:40
661,vestmanna,62.1564,-7.1664,35.6,87,20,3.44,FO,2021-03-15 06:14:16
662,fallon,39.4735,-118.7774,53.6,15,90,17.27,US,2021-03-15 06:19:40
663,alyangula,-13.8483,136.4192,77.0,94,75,3.44,AU,2021-03-15 06:16:29
664,vanavara,60.34,102.2797,15.93,86,100,13.56,RU,2021-03-15 06:15:36
665,ferrol,43.4832,-8.2369,44.01,100,90,2.3,ES,2021-03-15 06:19:41
666,doha,25.2867,51.5333,72.0,52,0,9.22,QA,2021-03-15 06:11:17
667,artsyz,45.9919,29.4182,46.38,83,100,11.7,UA,2021-03-15 06:19:42
668,del rio,29.3627,-100.8968,55.4,35,1,4.61,US,2021-03-15 06:19:43
669,inirida,3.8653,-67.9239,73.35,87,19,1.28,CO,2021-03-15 06:19:43
670,piove di sacco,45.2977,12.0368,39.0,86,23,3.31,IT,2021-03-15 06:19:43
671,antofagasta,-23.65,-70.4,66.2,72,0,2.3,CL,2021-03-15 06:16:40
672,sjovegan,68.8726,17.8474,34.0,100,75,3.58,NO,2021-03-15 06:19:44
673,benghazi,32.1167,20.0667,59.56,71,65,19.17,LY,2021-03-15 06:15:09
674,mlati,-7.2154,112.2093,87.8,70,40,5.75,ID,2021-03-15 06:19:45
675,gafanha da nazare,40.6362,-8.7134,43.0,89,6,4.29,PT,2021-03-15 06:19:46
676,vieques,18.425,-65.8329,77.0,73,40,6.91,PR,2021-03-15 06:19:46
677,camabatela,-8.1881,15.375,64.35,98,100,3.06,AO,2021-03-15 06:19:47
678,otuzco,-7.9,-78.5833,48.34,89,99,0.72,PE,2021-03-15 06:19:47
679,natal,-5.795,-35.2094,75.2,88,20,4.61,BR,2021-03-15 06:13:52
680,duldurga,50.6761,113.5931,19.62,59,0,21.21,RU,2021-03-15 06:19:48
681,bodden town,19.2833,-81.25,77.0,1,0,5.99,KY,2021-03-15 06:19:49
682,ko samui,9.5357,99.9357,87.8,62,20,11.5,TH,2021-03-15 06:10:35
